/*
SQLyog Ultimate v13.1.1 (64 bit)
MySQL - 10.1.19-MariaDB : Database - master
*********************************************************************
*/

/*!40101 SET NAMES utf8 */;

/*!40101 SET SQL_MODE=''*/;

/*!40014 SET @OLD_UNIQUE_CHECKS=@@UNIQUE_CHECKS, UNIQUE_CHECKS=0 */;
/*!40014 SET @OLD_FOREIGN_KEY_CHECKS=@@FOREIGN_KEY_CHECKS, FOREIGN_KEY_CHECKS=0 */;
/*!40101 SET @OLD_SQL_MODE=@@SQL_MODE, SQL_MODE='NO_AUTO_VALUE_ON_ZERO' */;
/*!40111 SET @OLD_SQL_NOTES=@@SQL_NOTES, SQL_NOTES=0 */;
CREATE DATABASE /*!32312 IF NOT EXISTS*/`master` /*!40100 DEFAULT CHARACTER SET utf8 */;

USE `master`;

/*Table structure for table `tms_book_excerpt` */

DROP TABLE IF EXISTS `tms_book_excerpt`;

CREATE TABLE `tms_book_excerpt` (
  `be_id` int(11) unsigned NOT NULL AUTO_INCREMENT COMMENT 'id',
  `booklist_id` int(11) DEFAULT NULL COMMENT '书籍id',
  `content` text NOT NULL COMMENT '内容',
  `type` enum('xinde','mingyan','zhailu') DEFAULT NULL COMMENT '类型（心得、名言、摘录）',
  `create_date` datetime DEFAULT NULL COMMENT '创建时间',
  PRIMARY KEY (`be_id`)
) ENGINE=InnoDB DEFAULT CHARSET=utf8;

/*Data for the table `tms_book_excerpt` */

/*Table structure for table `tms_booklist` */

DROP TABLE IF EXISTS `tms_booklist`;

CREATE TABLE `tms_booklist` (
  `booklist_id` int(11) unsigned NOT NULL AUTO_INCREMENT COMMENT 'id',
  `user_id` int(11) unsigned NOT NULL COMMENT '用户id',
  `book_name` varchar(64) NOT NULL COMMENT '书名',
  `author` varchar(64) DEFAULT NULL COMMENT '作者',
  `press` varchar(64) DEFAULT NULL COMMENT '出版社',
  `introduce` text COMMENT '简介',
  `picture` varchar(125) NOT NULL COMMENT '图片地址',
  `create_date` datetime DEFAULT NULL COMMENT '创建时间',
  PRIMARY KEY (`booklist_id`)
) ENGINE=InnoDB AUTO_INCREMENT=2 DEFAULT CHARSET=utf8;

/*Data for the table `tms_booklist` */

insert  into `tms_booklist`(`booklist_id`,`user_id`,`book_name`,`author`,`press`,`introduce`,`picture`,`create_date`) values 
(1,555,'人生','路遥','人民出版社','季季开','/Uploads/60f8be99d2e62.jpg','2021-07-22 08:41:02');

/*Table structure for table `tms_bounty` */

DROP TABLE IF EXISTS `tms_bounty`;

CREATE TABLE `tms_bounty` (
  `bounty_id` int(11) unsigned NOT NULL AUTO_INCREMENT COMMENT '奖励金id',
  `user_id` int(11) unsigned NOT NULL COMMENT '用户id',
  `create_date` datetime DEFAULT NULL COMMENT '日期',
  `amount` decimal(10,2) NOT NULL DEFAULT '0.00' COMMENT '金额',
  `status` enum('use','no','wait') DEFAULT 'no' COMMENT '已使用，未使用，待领取',
  PRIMARY KEY (`bounty_id`),
  KEY `user_id_index` (`user_id`),
  CONSTRAINT `user_id_index` FOREIGN KEY (`user_id`) REFERENCES `tms_user` (`user_id`)
) ENGINE=InnoDB AUTO_INCREMENT=26 DEFAULT CHARSET=utf8;

/*Data for the table `tms_bounty` */

insert  into `tms_bounty`(`bounty_id`,`user_id`,`create_date`,`amount`,`status`) values 
(1,555,'2021-07-05 23:55:12',2.00,'use'),
(2,555,'2021-07-06 23:46:35',-0.50,'use'),
(3,555,'2021-07-07 23:13:17',4.00,'use'),
(4,555,'2021-07-08 23:53:42',4.50,'use'),
(5,555,'2021-07-09 22:04:42',5.00,'use'),
(6,555,'2021-07-10 22:26:07',4.00,'use'),
(7,555,'2021-07-11 22:22:18',0.50,'use'),
(8,555,'2021-07-12 07:14:22',1.00,'use'),
(9,555,'2021-07-13 20:28:58',3.00,'use'),
(13,555,'2021-07-15 23:30:06',3.00,'use'),
(14,555,'2021-07-16 23:30:04',-7.00,'use'),
(15,555,'2021-07-17 20:48:23',-3.00,'use'),
(16,555,'2021-07-18 23:30:02',-13.00,'use'),
(17,555,'2021-07-19 22:51:52',2.00,'use'),
(18,555,'2021-07-20 23:30:02',6.00,'use'),
(19,555,'2021-07-21 23:30:05',-4.00,'use'),
(21,555,'2021-07-22 23:30:07',2.50,'use'),
(22,555,'2021-07-23 23:30:04',1.50,'no');

/*Table structure for table `tms_level` */

DROP TABLE IF EXISTS `tms_level`;

CREATE TABLE `tms_level` (
  `grade_id` int(11) unsigned NOT NULL AUTO_INCREMENT COMMENT '级别id',
  `user_id` int(11) unsigned NOT NULL COMMENT '用户id',
  `level` int(5) unsigned NOT NULL COMMENT '级别',
  `experience` decimal(10,1) NOT NULL COMMENT '当前经验',
  `total_experience` decimal(10,1) unsigned NOT NULL COMMENT '升级需要经验',
  `create_data` datetime DEFAULT NULL COMMENT '创建时间',
  `coefficient` decimal(10,1) NOT NULL DEFAULT '1.0' COMMENT '系数',
  PRIMARY KEY (`grade_id`),
  KEY `user_id_index2` (`user_id`),
  CONSTRAINT `user_id_index2` FOREIGN KEY (`user_id`) REFERENCES `tms_user` (`user_id`)
) ENGINE=InnoDB AUTO_INCREMENT=5 DEFAULT CHARSET=utf8;

/*Data for the table `tms_level` */

insert  into `tms_level`(`grade_id`,`user_id`,`level`,`experience`,`total_experience`,`create_data`,`coefficient`) values 
(4,555,1,0.0,105.0,NULL,1.0);

/*Table structure for table `tms_level_experience` */

DROP TABLE IF EXISTS `tms_level_experience`;

CREATE TABLE `tms_level_experience` (
  `level` int(5) unsigned NOT NULL COMMENT '级数',
  `experience` decimal(10,1) NOT NULL COMMENT '升级所需经验'
) ENGINE=InnoDB DEFAULT CHARSET=utf8;

/*Data for the table `tms_level_experience` */

insert  into `tms_level_experience`(`level`,`experience`) values 
(1,105.0),
(2,210.0),
(3,450.0),
(4,0.0),
(5,0.0),
(6,0.0),
(7,0.0);

/*Table structure for table `tms_log` */

DROP TABLE IF EXISTS `tms_log`;

CREATE TABLE `tms_log` (
  `log_id` int(11) unsigned NOT NULL AUTO_INCREMENT COMMENT '操作日志表id',
  `user_id` int(11) unsigned NOT NULL COMMENT '用户id',
  `operate` varchar(512) NOT NULL COMMENT '操作记录',
  `create_date` datetime NOT NULL COMMENT '操作时间',
  `ip` varchar(64) NOT NULL COMMENT '登录ip',
  PRIMARY KEY (`log_id`),
  KEY `user_id_index3` (`user_id`),
  CONSTRAINT `user_id_index3` FOREIGN KEY (`user_id`) REFERENCES `tms_user` (`user_id`)
) ENGINE=InnoDB AUTO_INCREMENT=588 DEFAULT CHARSET=utf8;

/*Data for the table `tms_log` */

insert  into `tms_log`(`log_id`,`user_id`,`operate`,`create_date`,`ip`) values 
(1,555,'登录成功!','2021-04-23 15:12:34','::1'),
(2,555,'登录成功!','2021-04-30 15:12:56','::1'),
(3,555,'成功添加任务!','2021-04-30 16:38:10','::1'),
(4,555,'成功添加任务!','2021-04-30 16:38:56','::1'),
(5,555,'成功添加任务!','2021-04-30 16:39:15','::1'),
(6,555,'成功添加任务!','2021-04-30 16:39:40','::1'),
(7,555,'成功添加任务6','2021-04-30 16:41:09','::1'),
(8,555,'成功添加任务id[7]','2021-04-30 16:41:51','::1'),
(9,555,'登录成功!','2021-05-13 10:03:14','::1'),
(10,1,'提交完成任务id[6]','2021-05-13 14:15:15','::1'),
(11,1,'提交完成任务id[6]','2021-05-13 14:15:37','::1'),
(12,1,'提交完成任务id[6]','2021-05-13 14:16:04','::1'),
(13,1,'提交完成任务id[6]','2021-05-13 14:16:20','::1'),
(14,1,'提交完成任务id[6]','2021-05-13 14:16:43','::1'),
(15,1,'提交完成任务id[4]','2021-05-13 14:30:38','::1'),
(16,1,'提交完成任务id[10]','2021-05-13 14:31:32','::1'),
(17,9999,'游客登录成功!','2021-07-01 11:08:41','::1'),
(18,1,'登录成功!','2021-07-01 11:08:54','::1'),
(19,1,'提交完成任务id[8]','2021-07-01 11:45:52','::1'),
(20,1,'提交完成任务id[9]','2021-07-01 11:47:00','::1'),
(21,1,'提交完成任务id[11]','2021-07-01 11:47:03','::1'),
(22,1,'提交完成任务id[6]','2021-07-01 11:52:42','::1'),
(23,1,'成功添加任务id[15]','2021-07-01 12:01:57','::1'),
(24,1,'成功添加任务id[16]','2021-07-01 12:12:30','::1'),
(25,1,'成功添加任务id[17]','2021-07-01 13:27:43','::1'),
(26,1,'成功添加任务id[18]','2021-07-01 13:28:08','::1'),
(27,1,'成功添加任务id[19]','2021-07-01 13:30:24','::1'),
(28,1,'成功添加任务id[20]','2021-07-01 13:30:57','::1'),
(29,1,'成功添加任务id[21]','2021-07-01 13:31:24','::1'),
(30,1,'成功添加任务id[22]','2021-07-01 13:31:45','::1'),
(31,1,'成功添加任务id[23]','2021-07-01 13:37:08','::1'),
(32,1,'成功添加任务id[24]','2021-07-01 13:39:37','::1'),
(33,1,'用户id[1]结算任务：完成数0，未完成数4，获得经验108，获得奖励金129.6','2021-07-01 17:45:48','::1'),
(34,1,'用户id[1]结算任务：完成数0，未完成数4，获得经验108，获得奖励金129.6','2021-07-01 17:50:03','::1'),
(35,1,'用户id[1]结算任务：完成数0，未完成数4，获得经验109，获得奖励金130.8','2021-07-01 17:50:54','::1'),
(36,1,'用户id[1]结算任务：完成数0，未完成数4，获得经验109，获得奖励金141.7','2021-07-01 17:52:32','::1'),
(37,1,'提交完成任务id[24]','2021-07-01 18:01:57','::1'),
(38,1,'提交完成任务id[8]','2021-07-01 18:02:03','::1'),
(39,1,'提交完成任务id[9]','2021-07-01 18:02:06','::1'),
(40,1,'提交完成任务id[4]','2021-07-01 18:02:09','::1'),
(41,1,'提交完成任务id[12]','2021-07-01 18:02:12','::1'),
(42,1,'用户id[1]结算任务：完成数6，未完成数2，获得经验109，获得奖励金152.6','2021-07-01 18:02:42','::1'),
(43,1,'提交完成任务id[24]','2021-07-01 18:03:29','::1'),
(44,1,'提交完成任务id[8]','2021-07-01 18:03:34','::1'),
(45,1,'提交完成任务id[9]','2021-07-01 18:03:36','::1'),
(46,1,'提交完成任务id[10]','2021-07-01 18:03:38','::1'),
(47,1,'提交完成任务id[11]','2021-07-01 18:03:55','::1'),
(48,1,'提交完成任务id[29]','2021-07-01 18:04:03','::1'),
(49,1,'提交完成任务id[4]','2021-07-01 18:04:09','::1'),
(50,1,'提交完成任务id[12]','2021-07-01 18:04:11','::1'),
(51,1,'用户id[1]结算任务：完成数7，未完成数2，获得经验5，获得奖励金7.5','2021-07-01 18:04:20','::1'),
(52,1,'提交完成任务id[5]','2021-07-01 18:06:52','::1'),
(53,1,'提交完成任务id[8]','2021-07-01 18:06:57','::1'),
(54,1,'提交完成任务id[9]','2021-07-01 18:06:59','::1'),
(55,1,'提交完成任务id[10]','2021-07-01 18:07:03','::1'),
(56,1,'提交完成任务id[4]','2021-07-01 18:08:17','::1'),
(57,1,'提交完成任务id[12]','2021-07-01 18:08:20','::1'),
(58,1,'登录成功!','2021-07-04 11:24:12','127.0.0.1'),
(59,1,'登录成功!','2021-07-04 11:25:20','183.14.76.84'),
(60,1,'提交完成任务id[11]','2021-07-04 11:25:50','183.14.76.84'),
(61,1,'提交完成任务id[11]','2021-07-04 11:25:54','183.14.76.84'),
(62,1,'提交完成任务id[11]','2021-07-04 11:25:56','183.14.76.84'),
(63,1,'提交完成任务id[8]','2021-07-04 11:25:58','183.14.76.84'),
(64,1,'提交完成任务id[9]','2021-07-04 11:25:59','183.14.76.84'),
(65,1,'提交完成任务id[9]','2021-07-04 11:26:07','183.14.76.84'),
(66,1,'提交完成任务id[8]','2021-07-04 11:26:09','183.14.76.84'),
(67,1,'提交完成任务id[13]','2021-07-04 11:26:12','183.14.76.84'),
(68,1,'提交完成任务id[5]','2021-07-04 11:26:15','183.14.76.84'),
(69,1,'提交完成任务id[14]','2021-07-04 11:26:17','183.14.76.84'),
(70,1,'提交完成任务id[13]','2021-07-04 11:26:19','183.14.76.84'),
(71,1,'提交完成任务id[12]','2021-07-04 11:26:20','183.14.76.84'),
(72,1,'成功添加任务id[32]','2021-07-04 11:26:45','183.14.76.84'),
(73,1,'成功添加任务id[33]','2021-07-04 11:27:28','183.14.76.84'),
(74,1,'提交完成任务id[5]','2021-07-04 11:28:14','183.14.76.84'),
(75,1,'用户id[1]结算任务：完成数7，未完成数2，获得经验3，获得奖励金3','2021-07-04 11:28:17','183.14.76.84'),
(76,1,'用户id[1]结算任务：完成数0，未完成数6，获得经验-10，获得奖励金-10','2021-07-04 11:28:24','183.14.76.84'),
(77,1,'提交完成任务id[33]','2021-07-04 11:32:34','183.14.76.84'),
(78,1,'提交完成任务id[33]','2021-07-04 11:32:36','183.14.76.84'),
(79,1,'提交完成任务id[32]','2021-07-04 11:32:37','183.14.76.84'),
(80,1,'提交完成任务id[33]','2021-07-04 11:32:39','183.14.76.84'),
(81,1,'提交完成任务id[32]','2021-07-04 11:32:41','183.14.76.84'),
(82,1,'提交完成任务id[33]','2021-07-04 11:32:42','183.14.76.84'),
(83,1,'提交完成任务id[4]','2021-07-04 11:32:56','183.14.76.84'),
(84,1,'提交完成任务id[12]','2021-07-04 11:32:58','183.14.76.84'),
(85,1,'提交完成任务id[12]','2021-07-04 11:32:59','183.14.76.84'),
(86,1,'成功添加任务id[34]','2021-07-04 11:33:32','183.14.76.84'),
(87,1,'成功添加任务id[35]','2021-07-04 11:34:09','183.14.76.84'),
(88,1,'成功添加任务id[36]','2021-07-04 11:34:39','183.14.76.84'),
(89,1,'成功添加任务id[37]','2021-07-04 11:34:52','183.14.76.84'),
(90,1,'成功添加任务id[38]','2021-07-04 11:35:46','183.14.76.84'),
(91,1,'提交完成任务id[34]','2021-07-04 13:33:06','127.0.0.1'),
(92,1,'提交完成任务id[35]','2021-07-04 13:33:11','127.0.0.1'),
(93,1,'提交完成任务id[32]','2021-07-04 13:35:38','127.0.0.1'),
(94,1,'提交完成任务id[32]','2021-07-04 13:38:51','127.0.0.1'),
(95,1,'提交完成任务id[32]','2021-07-04 13:39:00','127.0.0.1'),
(96,1,'提交完成任务id[33]','2021-07-04 13:39:58','127.0.0.1'),
(97,1,'提交完成任务id[36]','2021-07-04 13:40:02','127.0.0.1'),
(98,1,'提交完成任务id[36]','2021-07-04 13:40:04','127.0.0.1'),
(99,1,'提交完成任务id[36]','2021-07-04 13:40:05','127.0.0.1'),
(100,1,'提交完成任务id[36]','2021-07-04 13:40:06','127.0.0.1'),
(101,1,'提交完成任务id[36]','2021-07-04 13:40:06','127.0.0.1'),
(102,1,'提交完成任务id[34]','2021-07-04 13:40:29','127.0.0.1'),
(103,1,'提交完成任务id[34]','2021-07-04 13:40:38','127.0.0.1'),
(104,1,'提交完成任务id[37]','2021-07-04 13:40:51','127.0.0.1'),
(105,1,'提交完成任务id[32]','2021-07-04 13:41:47','127.0.0.1'),
(106,1,'提交完成任务id[33]','2021-07-04 13:41:49','127.0.0.1'),
(107,1,'提交完成任务id[34]','2021-07-04 13:41:51','127.0.0.1'),
(108,1,'提交完成任务id[34]','2021-07-04 13:41:53','127.0.0.1'),
(109,1,'提交完成任务id[33]','2021-07-04 13:41:55','127.0.0.1'),
(110,1,'提交完成任务id[32]','2021-07-04 13:41:57','127.0.0.1'),
(111,1,'提交完成任务id[32]','2021-07-04 13:41:59','127.0.0.1'),
(112,1,'提交完成任务id[33]','2021-07-04 13:42:02','127.0.0.1'),
(113,1,'提交完成任务id[34]','2021-07-04 13:42:04','127.0.0.1'),
(114,1,'提交完成任务id[38]','2021-07-04 13:51:42','183.14.76.62'),
(115,1,'提交完成任务id[37]','2021-07-04 13:51:42','183.14.76.62'),
(116,1,'提交完成任务id[36]','2021-07-04 13:51:43','183.14.76.62'),
(117,1,'提交完成任务id[35]','2021-07-04 13:51:43','183.14.76.62'),
(118,1,'提交完成任务id[8]','2021-07-04 13:51:49','183.14.76.62'),
(119,1,'提交完成任务id[8]','2021-07-04 13:51:50','183.14.76.62'),
(120,1,'提交完成任务id[38]','2021-07-04 13:51:51','183.14.76.62'),
(121,1,'成功添加任务id[39]','2021-07-04 13:56:55','183.14.76.62'),
(122,1,'成功添加任务id[40]','2021-07-04 13:57:30','183.14.76.62'),
(123,1,'成功添加任务id[41]','2021-07-04 13:57:54','183.14.76.62'),
(124,1,'成功添加任务id[42]','2021-07-04 14:02:18','183.14.76.62'),
(125,1,'成功添加任务id[43]','2021-07-04 14:09:03','127.0.0.1'),
(126,1,'成功添加任务id[44]','2021-07-04 14:10:38','183.14.76.62'),
(127,1,'成功添加任务id[45]','2021-07-04 14:10:59','183.14.76.62'),
(128,1,'成功添加任务id[46]','2021-07-04 14:13:24','127.0.0.1'),
(129,1,'成功添加任务id[47]','2021-07-04 14:14:22','127.0.0.1'),
(130,1,'成功添加任务id[48]','2021-07-04 14:15:26','127.0.0.1'),
(131,1,'成功添加任务id[49]','2021-07-04 14:15:48','183.14.76.62'),
(132,1,'成功添加任务id[50]','2021-07-04 14:17:19','127.0.0.1'),
(133,1,'成功添加任务id[51]','2021-07-04 14:17:27','127.0.0.1'),
(134,1,'成功添加任务id[52]','2021-07-04 14:42:57','183.14.76.62'),
(135,1,'提交完成任务id[38]','2021-07-04 14:43:02','183.14.76.62'),
(136,1,'提交完成任务id[37]','2021-07-04 14:43:02','183.14.76.62'),
(137,1,'提交完成任务id[38]','2021-07-04 14:43:04','183.14.76.62'),
(138,1,'成功添加任务id[53]','2021-07-04 14:44:06','183.14.76.62'),
(139,1,'成功添加任务id[54]','2021-07-04 14:44:55','183.14.76.62'),
(140,1,'提交完成任务id[34]','2021-07-04 14:55:44','183.14.76.62'),
(141,1,'成功添加任务id[55]','2021-07-04 15:06:48','183.14.76.62'),
(142,1,'成功添加任务id[56]','2021-07-04 15:06:51','183.14.76.62'),
(143,1,'成功添加任务id[57]','2021-07-04 15:06:53','183.14.76.62'),
(144,1,'成功添加任务id[58]','2021-07-04 15:08:31','183.14.76.62'),
(145,1,'提交完成任务id[36]','2021-07-04 15:17:56','183.14.76.62'),
(146,1,'成功添加任务id[59]','2021-07-04 15:20:45','183.14.76.62'),
(147,1,'提交完成任务id[42]','2021-07-04 15:54:55','183.14.76.62'),
(148,1,'提交完成任务id[42]','2021-07-04 15:54:56','183.14.76.62'),
(149,1,'提交完成任务id[42]','2021-07-04 15:54:56','183.14.76.62'),
(150,1,'提交完成任务id[42]','2021-07-04 15:54:57','183.14.76.62'),
(151,1,'提交完成任务id[34]','2021-07-04 15:54:58','183.14.76.62'),
(152,1,'提交完成任务id[34]','2021-07-04 15:54:58','183.14.76.62'),
(153,1,'提交完成任务id[36]','2021-07-04 15:54:59','183.14.76.62'),
(154,1,'提交完成任务id[36]','2021-07-04 15:55:00','183.14.76.62'),
(155,1,'提交完成任务id[35]','2021-07-04 15:55:01','183.14.76.62'),
(156,1,'提交完成任务id[35]','2021-07-04 15:55:02','183.14.76.62'),
(157,1,'提交完成任务id[35]','2021-07-04 15:55:03','183.14.76.62'),
(158,1,'提交完成任务id[35]','2021-07-04 15:55:04','183.14.76.62'),
(159,1,'提交完成任务id[42]','2021-07-04 15:55:04','183.14.76.62'),
(160,1,'提交完成任务id[42]','2021-07-04 15:55:05','183.14.76.62'),
(161,1,'提交完成任务id[42]','2021-07-04 15:55:05','183.14.76.62'),
(162,1,'提交完成任务id[42]','2021-07-04 15:55:06','183.14.76.62'),
(163,1,'提交完成任务id[35]','2021-07-04 16:03:23','183.14.76.62'),
(164,1,'提交完成任务id[53]','2021-07-04 23:59:18','183.14.76.62'),
(165,1,'提交完成任务id[42]','2021-07-04 23:59:19','183.14.76.62'),
(166,1,'提交完成任务id[42]','2021-07-05 00:14:41','183.14.76.62'),
(167,1,'成功添加任务id[60]','2021-07-05 00:15:08','183.14.76.62'),
(168,1,'成功添加任务id[61]','2021-07-05 08:00:16','113.116.127.153'),
(169,1,'成功添加任务id[62]','2021-07-05 08:01:30','113.116.127.153'),
(170,1,'成功添加任务id[63]','2021-07-05 08:02:15','113.116.127.153'),
(171,1,'成功添加任务id[64]','2021-07-05 08:07:31','113.116.127.153'),
(172,1,'成功添加任务id[65]','2021-07-05 08:10:21','113.116.127.153'),
(173,1,'成功添加任务id[66]','2021-07-05 08:12:07','113.116.127.153'),
(174,1,'成功添加任务id[67]','2021-07-05 08:12:26','113.116.127.153'),
(175,1,'成功添加任务id[68]','2021-07-05 08:53:46','183.8.10.231'),
(176,1,'成功添加任务id[69]','2021-07-05 12:35:11','183.8.10.231'),
(177,1,'成功添加任务id[70]','2021-07-05 12:35:20','183.8.10.231'),
(178,1,'成功添加任务id[71]','2021-07-05 12:35:28','183.8.10.231'),
(179,1,'成功添加任务id[72]','2021-07-05 12:35:36','183.8.10.231'),
(180,1,'成功添加任务id[73]','2021-07-05 12:35:44','183.8.10.231'),
(181,1,'成功添加任务id[74]','2021-07-05 12:35:50','183.8.10.231'),
(182,1,'成功添加任务id[75]','2021-07-05 12:35:57','183.8.10.231'),
(183,1,'提交完成任务id[61]','2021-07-05 13:01:37','183.8.10.231'),
(184,1,'登录成功!','2021-07-05 13:07:36','183.8.10.231'),
(185,1,'提交完成任务id[68]','2021-07-05 13:08:38','183.8.10.231'),
(186,1,'提交完成任务id[68]','2021-07-05 13:08:38','183.8.10.231'),
(187,1,'提交完成任务id[68]','2021-07-05 13:08:39','183.8.10.231'),
(188,1,'提交完成任务id[68]','2021-07-05 13:08:40','183.8.10.231'),
(189,1,'提交完成任务id[67]','2021-07-05 13:08:40','183.8.10.231'),
(190,9999,'游客登录成功!','2021-07-05 13:09:15','127.0.0.1'),
(191,1,'成功添加任务id[76]','2021-07-05 13:10:04','183.8.12.201'),
(192,1,'登录成功!','2021-07-05 13:10:17','127.0.0.1'),
(193,1,'提交完成任务id[63]','2021-07-05 13:49:21','183.8.12.201'),
(194,1,'提交完成任务id[68]','2021-07-05 15:12:22','183.8.12.201'),
(195,1,'提交完成任务id[8]','2021-07-05 20:36:01','113.116.127.142'),
(196,1,'提交完成任务id[13]','2021-07-05 20:36:19','113.116.127.142'),
(197,1,'提交完成任务id[14]','2021-07-05 20:36:24','113.116.127.142'),
(198,1,'提交完成任务id[9]','2021-07-05 21:12:09','113.116.127.142'),
(199,1,'成功添加任务id[77]','2021-07-05 21:21:51','113.116.127.142'),
(200,1,'成功添加任务id[78]','2021-07-05 21:22:09','113.116.127.142'),
(201,1,'提交完成任务id[66]','2021-07-05 23:54:37','113.116.127.142'),
(202,1,'用户id[1]结算任务：完成数9，未完成数2，获得经验2，获得奖励金2','2021-07-05 23:55:12','113.116.127.142'),
(203,1,'成功添加任务id[79]','2021-07-06 00:09:31','113.116.127.142'),
(204,1,'提交完成任务id[11]','2021-07-06 09:04:35','183.8.12.201'),
(205,1,'成功添加任务id[80]','2021-07-06 13:26:34','183.8.12.201'),
(206,1,'成功添加任务id[81]','2021-07-06 13:29:16','183.8.12.201'),
(207,1,'成功添加任务id[82]','2021-07-06 13:31:30','183.8.12.201'),
(208,1,'提交完成任务id[9]','2021-07-06 21:26:40','127.0.0.1'),
(209,1,'提交完成任务id[13]','2021-07-06 21:26:45','127.0.0.1'),
(210,1,'成功修改任务id[80]','2021-07-06 23:36:50','113.116.125.252'),
(211,1,'成功修改任务id[80]','2021-07-06 23:37:12','113.116.125.252'),
(212,1,'成功修改任务id[80]','2021-07-06 23:37:15','113.116.125.252'),
(213,1,'成功修改任务id[80]','2021-07-06 23:38:28','113.116.125.252'),
(214,1,'成功修改任务id[80]','2021-07-06 23:40:11','113.116.125.252'),
(215,1,'提交完成任务id[80]','2021-07-06 23:40:25','113.116.125.252'),
(216,1,'提交完成任务id[81]','2021-07-06 23:46:15','113.116.125.252'),
(217,1,'提交完成任务id[82]','2021-07-06 23:46:24','113.116.125.252'),
(218,1,'用户id[1]结算任务：完成数6，未完成数3，获得经验-0.5，获得奖励金-0.5','2021-07-06 23:46:35','113.116.125.252'),
(219,1,'提交完成任务id[14]','2021-07-07 09:04:12','183.8.12.201'),
(220,1,'登录成功!','2021-07-07 13:15:02','127.0.0.1'),
(221,1,'成功添加任务id[83]','2021-07-07 13:55:14','183.8.12.201'),
(222,1,'成功修改任务id[76]','2021-07-07 13:55:52','183.8.12.201'),
(223,1,'成功修改任务id[74]','2021-07-07 13:56:19','183.8.12.201'),
(224,1,'id[1]退出登录','2021-07-07 16:23:43','127.0.0.1'),
(225,9999,'游客登录成功!','2021-07-07 16:23:45','127.0.0.1'),
(226,9999,'id[9999]退出登录','2021-07-07 16:39:51','127.0.0.1'),
(227,9999,'游客登录成功!','2021-07-07 16:41:10','127.0.0.1'),
(228,9999,'游客登录成功!','2021-07-07 16:42:53','127.0.0.1'),
(229,9999,'游客登录成功!','2021-07-07 16:42:55','127.0.0.1'),
(230,9999,'游客登录成功!','2021-07-07 16:42:55','127.0.0.1'),
(231,9999,'id[9999]退出登录','2021-07-07 16:42:59','127.0.0.1'),
(232,9999,'游客登录成功!','2021-07-07 16:46:52','127.0.0.1'),
(233,9999,'id[9999]退出登录','2021-07-07 16:47:06','127.0.0.1'),
(234,9999,'游客登录成功!','2021-07-07 16:53:45','127.0.0.1'),
(235,9999,'id[9999]退出登录','2021-07-07 16:53:50','127.0.0.1'),
(236,9999,'游客登录成功!','2021-07-07 16:54:14','127.0.0.1'),
(237,9999,'id[9999]退出登录','2021-07-07 16:54:19','127.0.0.1'),
(238,1,'登录成功!','2021-07-07 16:58:14','127.0.0.1'),
(239,1,'id[1]退出登录','2021-07-07 16:58:21','127.0.0.1'),
(240,1,'登录成功!','2021-07-07 17:14:51','127.0.0.1'),
(241,1,'提交完成任务id[76]','2021-07-07 17:14:56','127.0.0.1'),
(242,1,'成功添加任务id[84]','2021-07-07 17:49:22','127.0.0.1'),
(243,1,'成功添加任务id[85]','2021-07-07 17:52:59','183.8.12.201'),
(244,1,'成功添加任务id[86]','2021-07-07 17:58:14','183.8.12.201'),
(245,1,'成功添加任务id[87]','2021-07-07 17:58:39','183.8.12.201'),
(246,1,'成功添加任务id[88]','2021-07-07 18:01:09','183.8.12.201'),
(247,1,'成功添加任务id[89]','2021-07-07 18:05:59','183.8.12.201'),
(248,1,'提交完成任务id[89]','2021-07-07 18:06:03','183.8.12.201'),
(249,1,'成功修改任务id[74]','2021-07-07 22:09:23','113.116.125.245'),
(250,1,'提交完成任务id[62]','2021-07-07 22:46:15','113.116.125.245'),
(251,1,'提交完成任务id[9]','2021-07-07 22:46:34','113.116.125.245'),
(252,1,'提交完成任务id[13]','2021-07-07 22:46:38','113.116.125.245'),
(253,1,'提交完成任务id[83]','2021-07-07 23:13:04','113.116.125.245'),
(254,1,'用户id[1]结算任务：完成数7，未完成数1，获得经验4，获得奖励金4','2021-07-07 23:13:17','113.116.125.245'),
(255,1,'成功添加任务id[90]','2021-07-07 23:14:55','113.116.125.245'),
(256,1,'成功添加任务id[91]','2021-07-07 23:15:10','113.116.125.245'),
(257,1,'提交完成任务id[11]','2021-07-08 08:37:09','113.116.124.87'),
(258,1,'提交完成任务id[40]','2021-07-08 15:39:20','183.8.209.1'),
(259,1,'提交完成任务id[13]','2021-07-08 18:26:19','183.8.209.1'),
(260,1,'提交完成任务id[14]','2021-07-08 18:26:20','183.8.209.1'),
(261,1,'提交完成任务id[12]','2021-07-08 18:26:20','183.8.209.1'),
(262,1,'提交完成任务id[9]','2021-07-08 18:26:27','183.8.209.1'),
(263,1,'成功修改任务id[90]','2021-07-08 18:28:38','183.8.209.1'),
(264,1,'成功修改任务id[91]','2021-07-08 18:29:35','183.8.209.1'),
(265,1,'成功修改任务id[91]','2021-07-08 18:29:44','183.8.209.1'),
(266,1,'成功添加任务id[92]','2021-07-08 18:32:44','183.8.209.1'),
(267,1,'成功添加任务id[93]','2021-07-08 21:44:50','113.116.124.75'),
(268,1,'成功修改任务id[90]','2021-07-08 23:51:17','113.116.124.75'),
(269,1,'提交完成任务id[92]','2021-07-08 23:51:35','113.116.124.75'),
(270,1,'成功修改任务id[90]','2021-07-08 23:51:55','113.116.124.75'),
(271,1,'成功修改任务id[90]','2021-07-08 23:53:25','113.116.124.75'),
(272,1,'提交完成任务id[91]','2021-07-08 23:53:34','113.116.124.75'),
(273,1,'用户id[1]结算任务：完成数8，未完成数0，获得经验4.5，获得奖励金4.5','2021-07-08 23:53:42','113.116.124.75'),
(274,1,'登录成功!','2021-07-09 08:42:27','183.14.79.248'),
(275,1,'成功添加任务id[94]','2021-07-09 08:51:58','14.26.77.128'),
(276,1,'成功添加任务id[95]','2021-07-09 08:58:16','14.26.77.128'),
(277,1,'成功添加任务id[96]','2021-07-09 08:58:29','14.26.77.128'),
(278,1,'成功添加任务id[97]','2021-07-09 08:58:44','14.26.77.128'),
(279,1,'成功修改任务id[97]','2021-07-09 08:58:59','14.26.77.128'),
(280,1,'成功修改任务id[95]','2021-07-09 09:56:30','14.26.77.128'),
(281,1,'成功修改任务id[95]','2021-07-09 10:15:37','14.26.77.128'),
(282,1,'提交完成任务id[13]','2021-07-09 20:32:11','183.14.79.248'),
(283,1,'提交完成任务id[14]','2021-07-09 20:32:12','183.14.79.248'),
(284,1,'提交完成任务id[9]','2021-07-09 20:32:16','183.14.79.248'),
(285,1,'提交完成任务id[11]','2021-07-09 20:32:21','183.14.79.248'),
(286,1,'提交完成任务id[94]','2021-07-09 21:00:57','183.14.79.248'),
(287,1,'提交完成任务id[96]','2021-07-09 21:13:37','183.14.79.248'),
(288,1,'提交完成任务id[97]','2021-07-09 22:04:39','183.14.79.248'),
(289,1,'用户id[1]结算任务：完成数7，未完成数1，获得经验5，获得奖励金5','2021-07-09 22:04:42','183.14.79.248'),
(290,1,'成功添加任务id[98]','2021-07-09 22:05:17','183.14.79.248'),
(291,1,'成功添加任务id[99]','2021-07-09 22:05:22','183.14.79.248'),
(292,1,'提交完成任务id[14]','2021-07-10 08:37:33','183.14.78.166'),
(293,1,'成功添加任务id[100]','2021-07-10 10:16:39','183.8.14.198'),
(294,1,'成功添加任务id[101]','2021-07-10 10:39:16','183.8.14.198'),
(295,1,'成功添加任务id[102]','2021-07-10 10:39:32','183.8.14.198'),
(296,1,'成功添加任务id[103]','2021-07-10 10:39:58','183.8.14.198'),
(297,1,'成功添加任务id[104]','2021-07-10 10:40:05','183.8.14.198'),
(298,1,'成功添加任务id[105]','2021-07-10 10:40:44','183.8.14.198'),
(299,1,'成功添加任务id[106]','2021-07-10 10:40:50','183.8.14.198'),
(300,1,'成功添加任务id[107]','2021-07-10 10:40:59','183.8.14.198'),
(301,1,'成功添加任务id[108]','2021-07-10 10:41:44','183.8.14.198'),
(302,1,'成功添加任务id[109]','2021-07-10 10:41:52','183.8.14.198'),
(303,1,'成功添加任务id[110]','2021-07-10 10:41:58','183.8.14.198'),
(304,1,'成功修改任务id[98]','2021-07-10 10:43:15','183.8.14.198'),
(305,1,'提交完成任务id[39]','2021-07-10 11:51:02','183.8.14.198'),
(306,1,'成功修改任务id[98]','2021-07-10 22:25:25','183.14.78.165'),
(307,1,'提交完成任务id[99]','2021-07-10 22:25:36','183.14.78.165'),
(308,1,'提交完成任务id[9]','2021-07-10 22:25:39','183.14.78.165'),
(309,1,'提交完成任务id[13]','2021-07-10 22:25:49','183.14.78.165'),
(310,1,'提交完成任务id[70]','2021-07-10 22:25:54','183.14.78.165'),
(311,1,'用户id[1]结算任务：完成数6，未完成数1，获得经验4，获得奖励金4','2021-07-10 22:26:07','183.14.78.165'),
(312,1,'成功添加任务id[111]','2021-07-11 02:32:45','183.14.78.165'),
(313,1,'成功添加任务id[112]','2021-07-11 02:33:51','183.14.78.165'),
(314,1,'成功修改任务id[98]','2021-07-11 02:34:08','183.14.78.165'),
(315,1,'成功修改任务id[71]','2021-07-11 02:34:37','183.14.78.165'),
(316,1,'成功修改任务id[71]','2021-07-11 02:34:52','183.14.78.165'),
(317,1,'成功修改任务id[111]','2021-07-11 02:36:33','183.14.78.165'),
(318,1,'成功添加任务id[113]','2021-07-11 11:11:44','183.8.14.198'),
(319,1,'成功修改任务id[71]','2021-07-11 18:50:54','183.14.78.68'),
(320,1,'成功修改任务id[112]','2021-07-11 18:51:13','183.14.78.68'),
(321,1,'提交完成任务id[98]','2021-07-11 22:09:05','183.14.78.68'),
(322,1,'提交完成任务id[9]','2021-07-11 22:10:55','183.14.78.68'),
(323,1,'提交完成任务id[13]','2021-07-11 22:11:01','183.14.78.68'),
(324,1,'成功添加任务id[114]','2021-07-11 22:18:45','183.14.78.68'),
(325,1,'成功添加任务id[115]','2021-07-11 22:18:55','183.14.78.68'),
(326,1,'成功添加任务id[116]','2021-07-11 22:19:12','183.14.78.68'),
(327,1,'成功添加任务id[117]','2021-07-11 22:19:25','183.14.78.68'),
(328,1,'成功添加任务id[118]','2021-07-11 22:19:41','183.14.78.68'),
(329,1,'成功添加任务id[119]','2021-07-11 22:20:19','183.14.78.68'),
(330,1,'提交完成任务id[113]','2021-07-11 22:22:13','183.14.78.68'),
(331,1,'用户id[1]结算任务：完成数4，未完成数2，获得经验0.5，获得奖励金0.5','2021-07-11 22:22:18','183.14.78.68'),
(332,1,'成功添加任务id[120]','2021-07-12 07:05:53','183.14.76.185'),
(333,1,'成功修改任务id[111]','2021-07-12 07:06:27','183.14.76.185'),
(334,1,'成功修改任务id[111]','2021-07-12 07:06:38','183.14.76.185'),
(335,1,'成功修改任务id[112]','2021-07-12 07:06:50','183.14.76.185'),
(336,1,'成功修改任务id[114]','2021-07-12 09:57:02','183.8.14.198'),
(337,1,'成功修改任务id[114]','2021-07-12 09:59:40','183.8.14.198'),
(338,1,'提交完成任务id[111]','2021-07-12 09:59:50','183.8.14.198'),
(339,1,'提交完成任务id[14]','2021-07-12 09:59:56','183.8.14.198'),
(340,1,'提交完成任务id[41]','2021-07-12 12:08:07','183.8.14.198'),
(341,1,'提交完成任务id[13]','2021-07-12 18:42:16','183.8.14.198'),
(342,1,'提交完成任务id[9]','2021-07-12 18:42:31','183.8.14.198'),
(343,1,'登录成功!','2021-07-12 21:07:36','127.0.0.1'),
(344,1,'提交完成任务id[112]','2021-07-12 21:17:57','183.14.76.124'),
(345,1,'提交完成任务id[120]','2021-07-12 23:24:03','183.14.76.124'),
(346,1,'用户id[1]结算任务：完成数7，未完成数2，获得经验1，获得奖励金1','2021-07-13 07:14:22','183.14.76.69'),
(347,1,'成功修改任务id[114]','2021-07-13 07:15:04','183.14.76.69'),
(348,1,'提交完成任务id[14]','2021-07-13 08:31:07','183.14.76.69'),
(349,1,'成功添加任务id[121]','2021-07-13 08:32:06','183.14.76.69'),
(350,1,'成功修改任务id[72]','2021-07-13 08:32:19','183.14.76.69'),
(351,1,'成功修改任务id[72]','2021-07-13 12:16:47','183.8.14.198'),
(352,1,'成功修改任务id[114]','2021-07-13 12:16:58','183.8.14.198'),
(353,1,'成功修改任务id[72]','2021-07-13 12:17:09','183.8.14.198'),
(354,1,'成功修改任务id[72]','2021-07-13 12:17:19','183.8.14.198'),
(355,1,'成功修改任务id[72]','2021-07-13 12:17:26','183.8.14.198'),
(356,1,'提交完成任务id[72]','2021-07-13 12:17:55','183.8.14.198'),
(357,1,'提交完成任务id[72]','2021-07-13 12:17:56','183.8.14.198'),
(358,1,'提交完成任务id[121]','2021-07-13 12:17:57','183.8.14.198'),
(359,1,'提交完成任务id[72]','2021-07-13 20:28:50','183.14.76.68'),
(360,1,'提交完成任务id[9]','2021-07-13 20:28:51','183.14.76.68'),
(361,1,'提交完成任务id[12]','2021-07-13 20:28:54','183.14.76.68'),
(362,1,'提交完成任务id[12]','2021-07-13 20:28:55','183.14.76.68'),
(363,1,'提交完成任务id[13]','2021-07-13 20:28:56','183.14.76.68'),
(364,1,'用户id[1]结算任务：完成数5，未完成数1，获得经验3，获得奖励金3','2021-07-13 20:28:59','183.14.76.68'),
(365,1,'成功添加任务id[122]','2021-07-13 20:29:19','183.14.76.68'),
(366,1,'成功修改任务id[59]','2021-07-14 08:16:00','113.116.127.3'),
(367,1,'成功添加任务id[123]','2021-07-14 08:16:27','113.116.127.3'),
(368,1,'成功修改任务id[110]','2021-07-14 08:19:37','113.116.127.3'),
(369,1,'用户id[1]结算任务：完成数0，未完成数5，获得经验-9，获得奖励金-9','2021-07-14 09:00:34','183.8.14.198'),
(370,1,'成功添加任务id[124]','2021-07-14 09:22:15','127.0.0.1'),
(371,1,'成功修改任务id[115]','2021-07-14 09:33:54','183.8.14.198'),
(372,1,'登录成功!','2021-07-14 10:55:31','127.0.0.1'),
(373,1,'成功修改任务id[115]','2021-07-14 11:36:25','127.0.0.1'),
(374,1,'成功添加任务id[125]','2021-07-14 12:42:14','183.8.14.198'),
(375,1,'成功添加任务id[126]','2021-07-14 12:42:47','183.8.14.198'),
(376,1,'成功添加任务id[127]','2021-07-14 12:43:25','183.8.14.198'),
(377,1,'id[1]退出登录','2021-07-14 14:18:31','127.0.0.1'),
(378,1,'登录成功!','2021-07-14 14:19:54','127.0.0.1'),
(379,1,'用户id[1]结算任务：完成数0，未完成数9，获得经验-19，获得奖励金-19','2021-07-14 23:44:00','120.79.206.20'),
(380,1,'用户id[1]结算任务：完成数0，未完成数9，获得经验-19，获得奖励金-19','2021-07-15 05:31:43','120.79.206.20'),
(381,1,'用户id[1]结算任务：完成数0，未完成数9，获得经验-19，获得奖励金-19','2021-07-15 07:51:48','120.79.206.20'),
(382,1,'用户id[1]结算任务：完成数0，未完成数9，获得经验-19，获得奖励金-19','2021-07-15 07:56:51','120.79.206.20'),
(383,1,'提交完成任务id[59]','2021-07-15 08:17:49','113.116.126.163'),
(384,1,'成功修改任务id[108]','2021-07-15 08:39:09','113.116.126.163'),
(385,1,'成功修改任务id[107]','2021-07-15 08:39:20','113.116.126.163'),
(386,1,'成功修改任务id[109]','2021-07-15 08:39:34','113.116.126.163'),
(387,1,'成功添加任务id[128]','2021-07-15 08:51:47','183.8.14.198'),
(388,1,'提交完成任务id[108]','2021-07-15 09:43:10','183.8.14.198'),
(389,1,'提交完成任务id[108]','2021-07-15 09:58:15','183.8.14.198'),
(390,1,'提交完成任务id[108]','2021-07-15 09:58:15','183.8.14.198'),
(391,1,'提交完成任务id[107]','2021-07-15 09:58:16','183.8.14.198'),
(392,1,'提交完成任务id[125]','2021-07-15 16:08:08','183.8.14.198'),
(393,1,'提交完成任务id[127]','2021-07-15 16:08:12','183.8.14.198'),
(394,1,'成功添加任务id[129]','2021-07-15 16:09:40','183.8.14.198'),
(395,1,'成功修改任务id[109]','2021-07-15 23:28:15','113.116.126.162'),
(396,1,'成功修改任务id[123]','2021-07-15 23:28:27','113.116.126.162'),
(397,1,'提交完成任务id[129]','2021-07-15 23:28:54','113.116.126.162'),
(398,1,'提交完成任务id[126]','2021-07-15 23:29:02','113.116.126.162'),
(399,1,'提交完成任务id[9]','2021-07-15 23:29:04','113.116.126.162'),
(400,1,'提交完成任务id[13]','2021-07-15 23:29:10','113.116.126.162'),
(401,1,'提交完成任务id[14]','2021-07-15 23:29:13','113.116.126.162'),
(402,1,'用户id[1]结算任务：完成数10，未完成数2，获得经验3，获得奖励金3','2021-07-15 23:30:06','120.79.206.20'),
(403,1,'成功添加任务id[130]','2021-07-16 10:18:44','14.26.75.54'),
(404,1,'成功添加每日任务[查看两个单位和其他APP招聘信息]','2021-07-16 12:37:06','14.26.75.54'),
(405,1,'修改为待办任务：[1丶代码Linux下运行。2丶优化tp框架代码查询数据分离到模型中。3丶代码更换成laravel框架。]','2021-07-16 12:40:14','14.26.75.54'),
(406,1,'结算任务：完成数0，未完成数5，获得经验-7，获得奖励金-7','2021-07-16 23:30:04','120.79.206.20'),
(407,1,'2021-07-16 23:30:04自动结算任务,返回结果：','2021-07-16 23:30:04','120.79.206.20'),
(408,1,'成功添加头等任务[办理驾驶证续]','2021-07-17 09:15:04','14.26.75.54'),
(409,1,'完成任务[办理驾驶证续]','2021-07-17 20:47:54','113.116.124.189'),
(410,1,'完成任务[喝水：喝水6.30-8.30-10-12.30-15-17-20]','2021-07-17 20:47:57','113.116.124.189'),
(411,1,'结算任务：完成数2，未完成数5，获得经验-3，获得奖励金-3','2021-07-17 20:48:23','113.116.124.189'),
(412,1,'结算任务报错：已经结算过了，无需再结算','2021-07-17 23:30:02','120.79.206.20'),
(413,1,'2021-07-17 23:30:02自动结算任务,返回结果：已经结算过了，无需再结算','2021-07-17 23:30:02','120.79.206.20'),
(414,1,'成功添加每日任务[了解弓箭]','2021-07-18 08:32:32','14.26.75.54'),
(415,1,'成功添加头等任务[驾驶证搞好]','2021-07-18 08:32:42','14.26.75.54'),
(416,1,'结算任务：完成数0，未完成数7，获得经验-13，获得奖励金-13','2021-07-18 23:30:02','120.79.206.20'),
(417,1,'2021-07-18 23:30:02自动结算任务,返回结果：','2021-07-18 23:30:02','120.79.206.20'),
(418,1,'完成任务[了解弓箭]','2021-07-19 08:58:07','14.26.75.54'),
(419,1,'修改为待办任务：[驾驶证搞好]','2021-07-19 08:58:22','14.26.75.54'),
(420,1,'成功添加每日任务[买火车票]','2021-07-19 08:58:52','14.26.75.54'),
(421,1,'成功添加每日任务[查看刷题软件]','2021-07-19 08:59:43','14.26.75.54'),
(422,1,'成功添加头等任务[备忘录功能]','2021-07-19 08:59:57','14.26.75.54'),
(423,1,'成功添加待办任务[游客不能修改密码]','2021-07-19 09:47:08','14.26.75.54'),
(424,1,'修改为每日任务：[问问老婆3000基层社区工作人员去不去，其他APP招聘信]','2021-07-19 13:26:41','14.26.75.54'),
(425,1,'修改为每日任务：[问清楚了工作那个，还有问问要不要周末回去。在决定要不要买火车票]','2021-07-19 13:27:08','14.26.75.54'),
(426,1,'修改为头等任务：[备忘录功能，编辑和删除]','2021-07-19 13:41:53','14.26.75.54'),
(427,1,'完成任务[问清楚了工作那个，还有问问要不要周末回去。在决定要不要买火车票]','2021-07-19 22:08:19','183.14.78.196'),
(428,1,'完成任务[备忘录功能，编辑和删除]','2021-07-19 22:50:39','183.14.78.196'),
(429,1,'修改为待办任务：[查看刷题软件]','2021-07-19 22:51:07','183.14.78.196'),
(430,1,'修改为待办任务：[其他APP招聘信]','2021-07-19 22:51:21','183.14.78.196'),
(431,1,'完成任务[口水（一天没超5次+0.5）]','2021-07-19 22:51:25','183.14.78.196'),
(432,1,'取消任务[口水（一天没超5次+0.5）]','2021-07-19 22:51:27','183.14.78.196'),
(433,1,'完成任务[喝水：喝水6.30-8.30-10-12.30-15-17-20]','2021-07-19 22:51:29','183.14.78.196'),
(434,1,'结算任务：完成数4，未完成数4，获得经验2，获得奖励金2','2021-07-19 22:51:52','183.14.78.196'),
(435,1,'删除待办任务[其他APP招聘信]','2021-07-19 22:52:33','183.14.78.196'),
(436,1,'退出登录','2021-07-19 23:02:25','183.14.78.196'),
(437,9999,'游客登录成功!','2021-07-19 23:02:35','183.14.78.196'),
(438,9999,'游客退出登录','2021-07-19 23:02:49','183.14.78.196'),
(439,1,'czx登录成功!','2021-07-19 23:03:18','183.14.78.196'),
(440,1,'czx添加备忘录[来喝酒]','2021-07-19 23:03:44','183.14.78.196'),
(441,1,'czx编辑备忘录[来喝酒哈哈]','2021-07-19 23:03:57','183.14.78.196'),
(442,1,'czx删除备忘录[]','2021-07-19 23:04:33','183.14.78.196'),
(443,1,'czx添加备忘录[忘备录啊啊啊啊]','2021-07-19 23:08:11','183.14.78.196'),
(444,1,'czx编辑备忘录[忘备录啊啊啊啊]','2021-07-19 23:08:22','183.14.78.196'),
(445,1,'czx编辑备忘录[忘备录啊啊啊啊的123]','2021-07-19 23:08:32','183.14.78.196'),
(446,1,'czx删除备忘录[]','2021-07-19 23:08:58','183.14.78.196'),
(447,1,'czx添加备忘录[比比]','2021-07-19 23:10:23','183.14.78.196'),
(448,1,'czx删除备忘录[]','2021-07-19 23:10:29','183.14.78.196'),
(449,1,'结算任务报错：已经结算过了，无需再结算','2021-07-19 23:30:02','120.79.206.20'),
(450,1,'2021-07-19 23:30:02自动结算任务,返回结果：已经结算过了，无需再结算','2021-07-19 23:30:02','120.79.206.20'),
(451,1,'czx成功添加每日任务[今晚下班回来记得把身份证拿出来放好。]','2021-07-20 08:37:38','183.14.77.70'),
(452,1,'czx添加备忘录[哈哈]','2021-07-20 08:38:18','183.14.77.70'),
(453,1,'czx编辑备忘录[哈哈123]','2021-07-20 08:38:32','183.14.77.70'),
(454,1,'czx删除备忘录[]','2021-07-20 08:38:42','183.14.77.70'),
(455,1,'czx修改为头等任务：[关注招聘，要不要多找些招聘工具]','2021-07-20 08:39:28','183.14.77.70'),
(456,1,'czx修改为每日任务：[晚点把学位证，毕业证，身份证，学籍报告两个。都收藏到微信。改好名]','2021-07-20 08:40:25','183.14.77.70'),
(457,1,'czx修改为每日任务：[游客不能修改密码]','2021-07-20 08:40:57','183.14.77.70'),
(458,1,'czx删除待办任务[备忘录功能]','2021-07-20 08:41:18','183.14.77.70'),
(459,1,'czx修改为每日任务：[同步到备忘录：老婆三个月后（10月）复查去看看要不要开到切除。宝宝什么时候打乙肝疫苗，卡介苗。]','2021-07-20 08:41:56','183.14.77.70'),
(460,1,'czx删除待办任务[驾驶证去现场续（准备好手续）]','2021-07-20 08:42:15','183.14.77.70'),
(461,1,'czx添加备忘录[老婆三个月后（10月）复查去看看要不要开到切除。\n宝宝什么时候打乙肝疫苗，卡介苗。]','2021-07-20 09:16:06','14.26.75.54'),
(462,1,'czx完成任务[同步到备忘录：老婆三个月后（10月）复查去看看要不要开到切除。宝宝什么时候打乙肝疫苗，卡介苗。]','2021-07-20 09:16:29','14.26.75.54'),
(463,1,'czx完成任务[同步忘备录，系统数据库定时备份，保存U盘，电脑多个地方]','2021-07-20 09:16:57','14.26.75.54'),
(464,1,'czx添加备忘录[系统数据库定时备份，保存U盘，电脑多个地方]','2021-07-20 09:17:11','14.26.75.54'),
(465,1,'czx成功添加待办任务[把手机备忘录，微云笔记，腾讯文档备忘录同步到备忘录]','2021-07-20 09:18:15','14.26.75.54'),
(466,1,'czx退出登录','2021-07-20 09:39:20','14.26.75.54'),
(467,9999,'游客登录成功!','2021-07-20 09:39:30','14.26.75.54'),
(468,9999,'游客添加备忘录[123]','2021-07-20 09:39:58','14.26.75.54'),
(469,9999,'游客编辑备忘录[123]','2021-07-20 09:40:05','14.26.75.54'),
(470,9999,'游客编辑备忘录[1234]','2021-07-20 09:40:09','14.26.75.54'),
(471,9999,'游客删除备忘录[1234]','2021-07-20 09:40:11','14.26.75.54'),
(472,9999,'游客成功添加每日任务[别]','2021-07-20 09:40:43','14.26.75.54'),
(473,9999,'游客退出登录','2021-07-20 09:41:10','14.26.75.54'),
(474,1,'czx登录成功!','2021-07-20 09:41:34','14.26.75.54'),
(475,1,'czx添加备忘录[123]','2021-07-20 09:41:58','14.26.75.54'),
(476,1,'czx编辑备忘录[1234]','2021-07-20 09:42:08','14.26.75.54'),
(477,1,'czx删除备忘录[1234]','2021-07-20 09:42:09','14.26.75.54'),
(478,1,'czx退出登录','2021-07-20 09:47:37','14.26.75.54'),
(479,9999,'游客登录成功!','2021-07-20 09:47:45','14.26.75.54'),
(480,9999,'游客退出登录','2021-07-20 09:47:56','14.26.75.54'),
(481,1,'czx登录成功!','2021-07-20 09:48:05','14.26.75.54'),
(482,1,'czx完成任务[游客不能修改密码]','2021-07-20 09:49:41','14.26.75.54'),
(483,1,'czx修改为缺点任务：[口水（一天没超次次数+0.5）【4/10】]','2021-07-20 11:16:51','14.26.75.54'),
(484,1,'czx完成任务[今晚下班回来记得把身份证拿出来放好。]','2021-07-20 20:27:09','183.14.77.50'),
(485,1,'czx完成任务[喝水：喝水6.30-8.30-10-12.30-15-17-20]','2021-07-20 20:27:13','183.14.77.50'),
(486,1,'czx添加备忘录[6.8.12运数低]','2021-07-20 20:53:04','183.14.77.50'),
(487,1,'czx完成任务[晚点把学位证，毕业证，身份证，学籍报告两个。都收藏到微信。改好名]','2021-07-20 22:15:24','183.14.77.50'),
(488,1,'结算任务：完成数6，未完成数5，获得经验0，获得奖励金0','2021-07-20 23:30:02','120.79.206.20'),
(489,1,'2021-07-20 23:30:02自动结算任务,返回结果：','2021-07-20 23:30:02','120.79.206.20'),
(490,1,'czx完成任务[关注招聘，要不要多找些招聘工具]','2021-07-20 23:37:37','183.14.77.50'),
(491,1,'czx成功添加每日任务[跟进银秀姨问题。]','2021-07-21 09:31:58','14.26.75.54'),
(492,1,'czx添加备忘录[先留给他试试中心医院行不行，不行再问附属医院有没有指标或者机会，要不就问问第二人民医院，或者其他医院。【还有通话录音留记录】]','2021-07-21 09:33:33','14.26.75.54'),
(493,1,'czx修改为头等任务：[日程功能]','2021-07-21 10:21:13','14.26.75.54'),
(494,1,'czx添加备忘录[一个月后拿身份证，待领取驾驶证]','2021-07-21 10:21:52','14.26.75.54'),
(495,1,'czx删除待办任务[驾驶证搞好]','2021-07-21 10:22:04','14.26.75.54'),
(496,1,'czx删除待办任务[一个月后拿身份证]','2021-07-21 10:22:13','14.26.75.54'),
(497,1,'czx修改为每日任务：[删除微信阅读和微信公众号泡]','2021-07-21 10:22:50','14.26.75.54'),
(498,1,'czx编辑备忘录[一个月后（8-13）拿身份证，一个星期后待领取驾驶证]','2021-07-21 15:22:29','14.26.75.54'),
(499,1,'czx编辑备忘录[一个月后（8-13）拿身份证。一个星期后待领取驾驶证，留意是不是两份驾驶证，到手一个都要拿好，然后打电话给交警确认]','2021-07-21 17:35:01','14.26.75.54'),
(500,1,'czx完成任务[跟进银秀姨问题。]','2021-07-21 21:22:47','183.14.76.196'),
(501,1,'czx完成任务[喝水：喝水6.30-8.30-10-12.30-15-17-20]','2021-07-21 21:22:49','183.14.76.196'),
(502,1,'结算任务：完成数2，未完成数6，获得经验-8，获得奖励金-8','2021-07-21 23:30:05','120.79.206.20'),
(503,1,'2021-07-21 23:30:05自动结算任务,返回结果：','2021-07-21 23:30:05','120.79.206.20'),
(504,1,'czx添加书籍《人生》','2021-07-22 08:41:02','113.116.127.104'),
(505,1,'czx成功添加每日任务[找个基金提取奖励金]','2021-07-22 08:54:36','14.26.75.54'),
(506,1,'czx修改为每日任务：[把手机备忘录，微云笔记，腾讯文档备忘录同步到备忘录]','2021-07-22 08:55:43','14.26.75.54'),
(507,1,'czx成功添加待办任务[我的，功能，首页，登录。这些控制器分别优化代码，CM分离]','2021-07-22 15:16:53','14.26.75.54'),
(508,1,'czx完成任务[喝水：喝水6.30-8.30-10-12.30-15-17-20]','2021-07-22 18:55:56','14.26.75.54'),
(509,1,'czx完成任务[不周到（今天有没有做事不周到，没有就+0.5）]','2021-07-22 18:56:01','14.26.75.54'),
(510,1,'czx添加备忘录[基金兑换目标：中银理财-惠享天天进阶版，3.16%]','2021-07-22 22:49:28','113.116.127.117'),
(511,1,'czx退出登录','2021-07-22 22:49:42','113.116.127.117'),
(512,1,'czx登录成功!','2021-07-22 22:49:52','113.116.127.117'),
(513,1,'czx完成任务[找个基金提取奖励金]','2021-07-22 22:50:17','113.116.127.117'),
(514,1,'czx添加备忘录[现在现在乳酸3点多，还要检查脑电图和有没有感染，还要检查有没有缺维生素K，最重要是怕缺氧影响大脑，影响大脑的指标是（现在观察宝宝会不会吃奶和吃奶会不会胀气，两个月左右会不会抬头，四个月左右会不会翻身，六个月坐，八个月会爬）]','2021-07-22 22:51:23','113.116.127.117'),
(515,1,'czx添加备忘录[深圳市社保基金管理局\n个人网上服务系统\ncaizhaoxi2019\nqq958613963A]','2021-07-22 22:52:21','113.116.127.117'),
(516,1,'czx添加备忘录[10月份，招聘会]','2021-07-22 22:52:56','113.116.127.117'),
(517,1,'czx编辑备忘录[6.8.12运数低。]','2021-07-22 22:53:11','113.116.127.117'),
(518,1,'czx成功添加待办任务[叫其他人打电话给我移动卡，然后再去看看登录网站，还有10000，登录APP检查。]','2021-07-22 22:57:24','113.116.127.117'),
(519,1,'czx添加备忘录[欠桂红姨子40000]','2021-07-22 22:57:58','113.116.127.117'),
(520,1,'czx退出登录','2021-07-22 23:22:13','113.116.127.117'),
(521,9999,'游客登录成功!','2021-07-22 23:22:25','113.116.127.117'),
(522,9999,'游客退出登录','2021-07-22 23:22:32','113.116.127.117'),
(523,9999,'游客登录成功!','2021-07-22 23:22:48','113.116.127.117'),
(524,9999,'游客退出登录','2021-07-22 23:23:14','113.116.127.117'),
(525,9999,'游客登录成功!','2021-07-22 23:23:26','113.116.127.117'),
(526,9999,'游客退出登录','2021-07-22 23:23:57','113.116.127.117'),
(527,9999,'游客登录成功!','2021-07-22 23:24:16','113.116.127.117'),
(528,9999,'游客退出登录','2021-07-22 23:24:21','113.116.127.117'),
(529,9999,'游客登录成功!','2021-07-22 23:24:35','113.116.127.117'),
(530,9999,'游客登录成功!','2021-07-22 23:26:22','113.116.127.117'),
(531,9999,'游客退出登录','2021-07-22 23:28:23','113.116.127.117'),
(532,555,'czx登录成功!','2021-07-22 23:28:35','113.116.127.117'),
(533,555,'结算任务：完成数3，未完成数5，获得经验-7.5，获得奖励金-7.5','2021-07-22 23:30:07','120.79.206.20'),
(534,555,'2021-07-22 23:30:07自动结算任务,返回结果：','2021-07-22 23:30:07','120.79.206.20'),
(535,555,'czx完成任务[把手机备忘录，微云笔记，腾讯文档备忘录同步到备忘录]','2021-07-22 23:30:10','113.116.127.117'),
(536,555,'czx完成任务[日程功能]','2021-07-22 23:30:11','113.116.127.117'),
(537,555,'czx登录成功!','2021-07-22 23:36:49','127.0.0.1'),
(538,555,'czx成功添加每日任务[添加奖励金领取中，确认进账功能]','2021-07-23 08:13:46','113.116.127.26'),
(539,555,'czx修改为头等任务：[日程功能]','2021-07-23 08:14:34','113.116.127.26'),
(540,555,'czx添加日程提醒[下周一跟进驾驶证问题]','2021-07-23 21:41:41','14.26.75.54'),
(541,555,'czx完成任务[日程功能]','2021-07-23 22:27:42','113.116.127.26'),
(542,555,'czx完成任务[喝水：喝水6.30-8.30-10-12.30-15-17-20]','2021-07-23 22:27:45','113.116.127.26'),
(543,555,'czx完成任务[不周到（今天有没有做事不周到，没有就+0.5）]','2021-07-23 22:27:50','113.116.127.26'),
(544,555,'czx完成任务[添加奖励金领取中，确认进账功能]','2021-07-23 23:24:22','113.116.127.26'),
(545,555,'结算任务：完成数4，未完成数3，获得经验1.5，获得奖励金1.5','2021-07-23 23:30:04','120.79.206.20'),
(546,555,'2021-07-23 23:30:04自动结算任务,返回结果：','2021-07-23 23:30:04','120.79.206.20'),
(547,9999,'游客登录成功!','2021-07-24 00:05:26','127.0.0.1'),
(548,9999,'游客退出登录','2021-07-24 00:06:34','127.0.0.1'),
(549,555,'czx登录成功!','2021-07-24 00:06:45','127.0.0.1'),
(550,9999,'游客登录成功!','2021-07-24 00:07:59','127.0.0.1'),
(551,9999,'游客登录成功!','2021-07-24 00:08:09','127.0.0.1'),
(552,9999,'游客退出登录','2021-07-24 00:08:29','127.0.0.1'),
(553,555,'czx登录成功!','2021-07-24 00:08:41','127.0.0.1'),
(554,555,'czx取消任务[叫其他人打电话给我移动卡，然后再去看看登录网站，还有10000，登录APP检查。]','2021-07-24 08:23:43','113.116.125.109'),
(555,555,'czx修改为每日任务：[叫其他人打电话给我移动卡，然后再去看看登录网站，还有10000，登录APP检查。]','2021-07-24 08:23:51','113.116.125.109'),
(556,555,'czx修改为头等任务：[我的，功能，首页，登录。这些控制器分别优化代码，CM分离]','2021-07-24 08:24:00','113.116.125.109'),
(557,555,'czx成功添加每日任务[看一遍招聘信息]','2021-07-24 08:29:52','113.116.125.109'),
(558,555,'czx完成任务[看书：睡觉前看书30分钟]','2021-07-24 08:29:57','113.116.125.109'),
(559,555,'czx完成任务[拖延（昨天每日全部完成没，完成了+0.5）]','2021-07-24 08:40:03','113.116.125.109'),
(560,555,'czx成功添加每日任务[打电话问妈洗床铺了吗]','2021-07-24 08:42:13','113.116.125.109'),
(561,555,'czx修改为头等任务：[我的，功能，首页，登录。这些控制器分别优化代码，CM分离，优化公告栏]','2021-07-24 10:48:50','14.26.75.54'),
(562,555,'czx修改为头等任务：[我的，功能，首页优化代码，CM分离。\n优化公告栏]','2021-07-24 10:49:25','14.26.75.54'),
(563,555,'czx完成任务[打电话问妈洗床铺了吗]','2021-07-24 20:10:45','113.116.125.96'),
(564,555,'czx完成任务[喝水：喝水6.30-8.30-10-12.30-15-17-20]','2021-07-24 20:11:30','113.116.125.96'),
(565,555,'结算任务：完成数4，未完成数6，获得经验-9.5，获得奖励金-9.5','2021-07-24 23:30:04','120.79.206.20'),
(566,555,'2021-07-24 23:30:04自动结算任务,返回结果：','2021-07-24 23:30:04','120.79.206.20'),
(567,555,'czx修改为每日任务：[还有10000]','2021-07-25 09:38:18','113.116.125.5'),
(568,555,'czx完成任务[还有10000]','2021-07-25 09:41:39','113.116.125.5'),
(569,555,'结算任务：完成数1，未完成数6，获得经验-9，获得奖励金-9','2021-07-25 23:30:03','120.79.206.20'),
(570,555,'2021-07-25 23:30:03自动结算任务,返回结果：','2021-07-25 23:30:03','120.79.206.20'),
(571,555,'czx成功提取奖励金：10','2021-07-26 08:42:17','183.14.79.139'),
(572,555,'czx修改为缺点任务：[口水（一天没超次次数+0.5）【3/10】]','2021-07-26 08:56:22','14.26.14.232'),
(573,555,'czx修改为缺点任务：[口水（一天没超次次数+0.5）【4/10】]','2021-07-26 08:57:19','14.26.14.232'),
(574,555,'czx添加日程提醒[记录一下月底的话费，然后看1号返还多少话费，然后看看返还的有没有扣月租，然后看看下个月有没有充值活动和免费领流量活动]','2021-07-26 12:14:11','14.26.14.232'),
(575,555,'czx修改为待办任务：[我的，功能，首页优化代码，CM分离。]','2021-07-26 16:25:05','14.26.14.232'),
(576,555,'czx修改为每日任务：[查看刷题软件]','2021-07-26 16:29:58','14.26.14.232'),
(577,555,'czx成功添加头等任务[结算功能优化]','2021-07-26 16:30:27','14.26.14.232'),
(578,555,'czx编辑备忘录[一个月后（8-13）拿身份证]','2021-07-26 16:31:02','14.26.14.232'),
(579,555,'czx完成日程提醒[下周一跟进驾驶证问题]','2021-07-26 16:31:51','14.26.14.232'),
(580,555,'czx修改为待办任务：[我的，功能，首页优化代码，CM分离。检查公共函数文件，控制器文件，模型文件]','2021-07-26 22:30:08','183.14.79.133'),
(581,555,'结算任务：完成数0，未完成数7，获得经验-13，获得奖励金-13','2021-07-26 23:30:04','120.79.206.20'),
(582,555,'2021-07-26 23:30:04自动结算任务,返回结果：','2021-07-26 23:30:04','120.79.206.20'),
(583,555,'czx完成任务[驼背（早上贴墙10分钟+0.5）]','2021-07-27 08:44:48','183.14.79.32'),
(584,555,'czx修改为待办任务：[查看刷题软件]','2021-07-27 09:10:43','183.8.213.64'),
(585,555,'czx成功添加每日任务[买车票]','2021-07-27 09:10:56','183.8.213.64'),
(586,555,'czx修改为头等任务：[优化一百页]','2021-07-27 09:11:21','183.8.213.64'),
(587,555,'czx修改为头等任务：[优化一百页]','2021-07-27 09:11:22','183.8.213.64');

/*Table structure for table `tms_record` */

DROP TABLE IF EXISTS `tms_record`;

CREATE TABLE `tms_record` (
  `record_id` int(11) unsigned NOT NULL AUTO_INCREMENT COMMENT '忘备录id',
  `user_id` int(11) unsigned NOT NULL COMMENT '用户id',
  `content` text COMMENT '内容',
  `create_date` datetime DEFAULT NULL COMMENT '日期',
  PRIMARY KEY (`record_id`),
  KEY `user_id_index5` (`user_id`),
  CONSTRAINT `user_id_index5` FOREIGN KEY (`user_id`) REFERENCES `tms_user` (`user_id`)
) ENGINE=InnoDB AUTO_INCREMENT=17 DEFAULT CHARSET=utf8;

/*Data for the table `tms_record` */

insert  into `tms_record`(`record_id`,`user_id`,`content`,`create_date`) values 
(5,555,'老婆三个月后（10月）复查去看看要不要开到切除。\n宝宝什么时候打乙肝疫苗，卡介苗。','2021-07-20 09:16:06'),
(6,555,'系统数据库定时备份，保存U盘，电脑多个地方','2021-07-20 09:17:11'),
(9,555,'6.8.12运数低。','2021-07-22 22:53:11'),
(10,555,'先留给他试试中心医院行不行，不行再问附属医院有没有指标或者机会，要不就问问第二人民医院，或者其他医院。【还有通话录音留记录】','2021-07-21 09:33:33'),
(11,555,'一个月后（8-13）拿身份证','2021-07-26 16:31:02'),
(12,555,'基金兑换目标：中银理财-惠享天天进阶版，3.16%','2021-07-22 22:49:28'),
(13,555,'现在现在乳酸3点多，还要检查脑电图和有没有感染，还要检查有没有缺维生素K，最重要是怕缺氧影响大脑，影响大脑的指标是（现在观察宝宝会不会吃奶和吃奶会不会胀气，两个月左右会不会抬头，四个月左右会不会翻身，六个月坐，八个月会爬）','2021-07-22 22:51:23'),
(14,555,'深圳市社保基金管理局\n个人网上服务系统\ncaizhaoxi2019\nqq958613963A','2021-07-22 22:52:21'),
(15,555,'10月份，招聘会','2021-07-22 22:52:56'),
(16,555,'欠桂红姨子40000','2021-07-22 22:57:58');

/*Table structure for table `tms_remind` */

DROP TABLE IF EXISTS `tms_remind`;

CREATE TABLE `tms_remind` (
  `remind_id` int(11) unsigned NOT NULL AUTO_INCREMENT COMMENT '日程提醒表id',
  `user_id` int(11) unsigned NOT NULL COMMENT '用户id',
  `content` text COMMENT '内容',
  `remind_date` datetime NOT NULL COMMENT '提醒时间',
  `create_date` datetime NOT NULL COMMENT '创建时间',
  `status` enum('finish','new') DEFAULT NULL COMMENT '完成、未完成',
  PRIMARY KEY (`remind_id`),
  KEY `user_id_index6` (`user_id`),
  CONSTRAINT `user_id_index6` FOREIGN KEY (`user_id`) REFERENCES `tms_user` (`user_id`)
) ENGINE=InnoDB AUTO_INCREMENT=3 DEFAULT CHARSET=utf8;

/*Data for the table `tms_remind` */

insert  into `tms_remind`(`remind_id`,`user_id`,`content`,`remind_date`,`create_date`,`status`) values 
(1,555,'下周一跟进驾驶证问题','2021-07-24 00:09:31','2021-07-23 21:41:41','finish'),
(2,555,'记录一下月底的话费，然后看1号返还多少话费，然后看看返还的有没有扣月租，然后看看下个月有没有充值活动和免费领流量活动','2021-07-31 00:00:00','2021-07-26 12:14:11','new');

/*Table structure for table `tms_settlement` */

DROP TABLE IF EXISTS `tms_settlement`;

CREATE TABLE `tms_settlement` (
  `settlement_id` int(11) unsigned NOT NULL AUTO_INCREMENT COMMENT '结算表id',
  `user_id` int(11) unsigned NOT NULL COMMENT '用户id',
  `experience` decimal(10,1) NOT NULL DEFAULT '0.0' COMMENT '经验值',
  `amount` decimal(10,1) NOT NULL DEFAULT '0.0' COMMENT '奖励金',
  `finish_num` int(5) NOT NULL DEFAULT '0' COMMENT '完成数量',
  `not_finish_num` int(5) NOT NULL DEFAULT '0' COMMENT '未完成数量',
  `create_date` datetime DEFAULT NULL COMMENT '日期',
  PRIMARY KEY (`settlement_id`),
  KEY `user_id_index8` (`user_id`),
  CONSTRAINT `user_id_index8` FOREIGN KEY (`user_id`) REFERENCES `tms_user` (`user_id`)
) ENGINE=InnoDB AUTO_INCREMENT=34 DEFAULT CHARSET=utf8;

/*Data for the table `tms_settlement` */

insert  into `tms_settlement`(`settlement_id`,`user_id`,`experience`,`amount`,`finish_num`,`not_finish_num`,`create_date`) values 
(2,555,1.0,1.0,1,1,'2021-06-27 19:11:59'),
(5,555,5.0,7.5,7,2,'2021-07-01 18:04:20'),
(6,555,3.0,3.0,7,2,'2021-07-03 11:28:17'),
(7,555,-10.0,-10.0,0,6,'2021-07-04 11:28:24'),
(8,555,2.0,2.0,9,2,'2021-07-05 23:55:12'),
(9,555,0.0,-0.5,6,3,'2021-07-06 23:46:35'),
(10,555,4.0,4.0,7,1,'2021-07-07 23:13:17'),
(11,555,4.0,4.5,8,0,'2021-07-08 23:53:42'),
(12,555,5.0,5.0,7,1,'2021-07-09 22:04:42'),
(13,555,4.0,4.0,6,1,'2021-07-10 22:26:07'),
(14,555,0.0,0.5,4,2,'2021-07-11 22:22:18'),
(15,555,1.0,1.0,7,2,'2021-07-12 07:14:22'),
(16,555,3.0,3.0,5,1,'2021-07-13 20:28:59'),
(21,555,3.0,3.0,10,2,'2021-07-15 23:30:06'),
(22,555,-7.0,-7.0,0,5,'2021-07-16 23:30:04'),
(23,555,-3.0,-3.0,2,5,'2021-07-17 20:48:23'),
(24,555,-13.0,-13.0,0,7,'2021-07-18 23:30:02'),
(25,555,2.0,2.0,4,4,'2021-07-19 22:51:52'),
(26,555,6.0,6.0,7,4,'2021-07-20 23:30:02'),
(28,555,-4.0,-4.0,3,5,'2021-07-21 23:30:05'),
(29,555,3.0,2.0,5,3,'2021-07-22 23:30:07'),
(30,555,1.5,1.5,4,3,'2021-07-23 23:30:04'),
(31,555,-9.5,-9.5,4,6,'2021-07-24 23:30:04'),
(32,555,-9.0,-9.0,1,6,'2021-07-25 23:30:03'),
(33,555,-13.0,-13.0,0,7,'2021-07-26 23:30:04');

/*Table structure for table `tms_task` */

DROP TABLE IF EXISTS `tms_task`;

CREATE TABLE `tms_task` (
  `task_id` int(11) unsigned NOT NULL AUTO_INCREMENT COMMENT '任务id',
  `user_id` int(11) unsigned NOT NULL COMMENT '用户id',
  `task_type` enum('meiri','quedian','fujia','daiban') NOT NULL COMMENT '每日，缺点，附加，待办',
  `content` varchar(512) NOT NULL COMMENT '任务内容',
  `create_date` datetime NOT NULL COMMENT '日期',
  `score` decimal(10,1) NOT NULL COMMENT '分值',
  `status` enum('wait','finish','not','submit') DEFAULT NULL COMMENT '待办、完成、未完成、提交',
  `important` enum('1','0') NOT NULL DEFAULT '0' COMMENT '是否头等重要任务',
  PRIMARY KEY (`task_id`),
  KEY `user_id_index9` (`user_id`),
  CONSTRAINT `user_id_index9` FOREIGN KEY (`user_id`) REFERENCES `tms_user` (`user_id`)
) ENGINE=InnoDB AUTO_INCREMENT=151 DEFAULT CHARSET=utf8;

/*Data for the table `tms_task` */

insert  into `tms_task`(`task_id`,`user_id`,`task_type`,`content`,`create_date`,`score`,`status`,`important`) values 
(8,555,'fujia','运动：减肥操10分钟，或者跑步2圈','2021-05-13 17:54:58',1.0,'wait','0'),
(9,555,'fujia','喝水：喝水6.30-8.30-10-12.30-15-17-20','2021-05-13 17:55:49',1.0,'wait','0'),
(10,555,'fujia','声音：晚上10分钟，练声或者唱歌','2021-05-13 17:56:11',1.0,'wait','0'),
(11,555,'fujia','看书：睡觉前看书30分钟','2021-05-13 17:56:41',1.0,'wait','0'),
(12,555,'quedian','拖延（昨天每日全部完成没，完成了+0.5）','2021-05-13 18:06:54',0.5,'wait','0'),
(13,555,'quedian','不周到（今天有没有做事不周到，没有就+0.5）','2021-05-13 18:07:48',0.5,'wait','0'),
(14,555,'quedian','驼背（早上贴墙10分钟+0.5）','2021-05-13 18:08:09',0.5,'submit','0'),
(39,555,'daiban','设置服务器的编辑器样式，还有汉化','2021-07-05 13:56:55',2.0,'finish','0'),
(40,555,'daiban','结算成功，要显示完成的任务和未完成的任务','2021-07-05 13:57:30',2.0,'finish','0'),
(41,555,'daiban','添加乌龟代码管理','2021-07-05 13:57:53',2.0,'finish','0'),
(59,555,'meiri','设置脚本和测试脚本自动结算','2021-07-15 07:59:26',1.0,'finish','0'),
(61,555,'meiri','数据库设密码','2021-07-05 08:00:16',1.0,'finish','0'),
(62,555,'meiri','插座，水龙头设计要求','2021-07-07 23:46:34',3.0,'finish','1'),
(63,555,'meiri','显示经验条功能','2021-07-05 08:02:15',1.0,'finish','0'),
(65,555,'fujia','刷题：每天刷题,1小时行测1小时申论','2021-07-05 08:10:21',1.0,'wait','0'),
(66,555,'meiri','查找一下，准备看的什么书籍，还有唱什么歌，还有今晚开始整理公务员复习','2021-07-05 08:12:07',1.0,'finish','0'),
(67,555,'meiri','问老弟爸妈要不要打疫苗','2021-07-05 08:12:26',1.0,'finish','0'),
(68,555,'meiri','买口罩','2021-07-05 08:53:46',1.0,'finish','0'),
(69,555,'daiban','社保局电话020-12345，打电话没转社保的影响，能不能到时候广州加深圳一起转湛江，问问广州社保的医保余额能在湛江用吗','2021-07-05 12:35:10',2.0,'wait','0'),
(70,555,'daiban','哪里拍照正规','2021-07-05 12:35:20',2.0,'finish','0'),
(72,555,'meiri','身份证预约续（准备好手续）','2021-07-13 12:17:26',3.0,'finish','1'),
(76,555,'meiri','退出登录功能','2021-07-07 13:55:52',1.0,'finish','0'),
(77,555,'daiban','面试视频看完，做个总结','2021-07-05 21:21:50',2.0,'wait','0'),
(80,555,'meiri','完成编辑任务功能','2021-07-06 23:40:11',1.0,'finish','0'),
(81,555,'meiri','了解清楚社区招聘日期，考试匹配，招聘条件，岗位要求','2021-07-06 13:29:16',1.0,'finish','0'),
(82,555,'meiri','分隔和整理四个笔记','2021-07-06 13:31:30',1.0,'finish','0'),
(83,555,'meiri','看一遍，微信，湛江网站，还有智联前程无忧软件，招聘信息','2021-07-07 13:55:14',1.0,'finish','0'),
(89,555,'meiri','删除任务功能','2021-07-07 18:05:59',1.0,'finish','0'),
(90,555,'daiban','统计材料和统计插座个数和高度','2021-07-08 23:51:17',2.0,'wait','0'),
(91,555,'meiri','持续看招聘信息','2021-07-08 18:29:44',1.0,'finish','0'),
(92,555,'meiri','修复bug，修改任务，头等每日，没有保存标识，而且还能修改两个头等任务','2021-07-08 18:32:44',1.0,'finish','0'),
(94,555,'meiri','洗锅洗碗，煮开水洗玻璃瓶，保温杯，保温壶。','2021-07-09 08:51:58',1.0,'finish','0'),
(96,555,'meiri','关注招聘信息','2021-07-09 08:58:29',1.0,'finish','0'),
(97,555,'meiri','整理笔记','2021-07-09 08:58:59',3.0,'finish','1'),
(98,555,'meiri','提醒老婆不要跟姨子说太多。还有确认一下英利算法，是庚日，还是庚午日。问问身份证寄过来有没有打电话或者发物流信息','2021-07-11 02:34:08',1.0,'finish','0'),
(99,555,'meiri','照相','2021-07-10 22:05:22',1.0,'finish','0'),
(100,555,'meiri','同步到备忘录：老婆三个月后（10月）复查去看看要不要开到切除。宝宝什么时候打乙肝疫苗，卡介苗。','2021-07-20 08:41:56',1.0,'finish','0'),
(101,555,'meiri','晚点把学位证，毕业证，身份证，学籍报告两个。都收藏到微信。改好名','2021-07-20 08:40:25',1.0,'finish','0'),
(102,555,'daiban','重新整合下社保转移流程，网上申请资料','2021-07-10 10:39:32',2.0,'wait','0'),
(103,555,'daiban','看看食物和运动以及其他哪些途径可以补','2021-07-10 10:39:58',2.0,'wait','0'),
(104,555,'daiban','广州公积金提取','2021-07-10 10:40:05',2.0,'wait','0'),
(105,555,'daiban','唱歌怎么改掉喉咙发声问题,挑首普通话歌来练','2021-07-10 10:40:44',2.0,'wait','0'),
(106,555,'daiban','了解软考，看看复习培训，备考','2021-07-10 10:40:50',2.0,'wait','0'),
(107,555,'meiri','代码和记录，php17全家桶，备份回家','2021-07-15 08:39:20',1.0,'finish','0'),
(108,555,'meiri','postman同步回家','2021-07-15 08:39:09',1.0,'finish','0'),
(109,555,'meiri','删除微信阅读和微信公众号泡','2021-07-22 23:30:04',1.0,'finish','0'),
(110,555,'daiban','同步忘备录，系统数据库定时备份，保存U盘，电脑多个地方','2021-07-10 10:41:58',2.0,'finish','0'),
(111,555,'meiri','修复结算后修改和删除任务为空。还有修改头等任务没有保存状态','2021-07-12 07:06:38',1.0,'finish','0'),
(112,555,'meiri','看看预约身份证怎么搞','2021-07-12 07:06:50',1.0,'finish','0'),
(113,555,'meiri','关掉打车免密，把项目分割','2021-07-11 11:11:44',1.0,'finish','0'),
(114,555,'meiri','日程功能','2021-07-23 08:14:34',3.0,'finish','1'),
(118,555,'meiri','日程功能','2021-07-22 23:32:20',3.0,'finish','1'),
(120,555,'meiri','关注招聘','2021-07-12 07:05:53',1.0,'finish','0'),
(121,555,'meiri','修复修改任务，头条变其他，状态没改','2021-07-13 08:32:06',1.0,'finish','0'),
(123,555,'meiri','关注招聘，要不要多找些招聘工具','2021-07-21 23:30:02',3.0,'finish','0'),
(124,555,'quedian','口水（一天没超次次数+0.5）【4/10】','2021-07-14 09:22:15',0.5,'wait','0'),
(125,555,'meiri','修改密码，编辑页面，保存。\n显示待领取奖励金','2021-07-15 07:59:43',1.0,'finish','0'),
(126,555,'meiri','功能优化，结算加个确认，还缺几个任务没完成','2021-07-15 07:59:48',1.0,'finish','0'),
(127,555,'meiri','首页加个任务说明，积分上限，扣分上限，获取分值。\n优化日志内容','2021-07-15 07:59:58',1.0,'finish','0'),
(128,555,'daiban','所有银行更新身份证信息','2021-07-15 08:51:47',2.0,'wait','0'),
(129,555,'meiri','看看招聘公告，看看工资到账没，去买咖啡','2021-07-15 16:09:40',1.0,'finish','0'),
(130,555,'daiban','1丶代码Linux下运行。2丶优化tp框架代码查询数据分离到模型中。3丶代码更换成laravel框架。','2021-07-16 10:18:44',2.0,'wait','0'),
(132,555,'meiri','办理驾驶证续','2021-07-17 09:15:04',3.0,'finish','1'),
(133,555,'meiri','了解弓箭','2021-07-19 23:30:02',1.0,'finish','0'),
(135,555,'meiri','问清楚了工作那个，还有问问要不要周末回去。在决定要不要买火车票','2021-07-19 13:27:08',1.0,'finish','0'),
(136,555,'daiban','查看刷题软件','2021-07-27 23:30:04',2.0,'wait','0'),
(137,555,'meiri','备忘录功能，编辑和删除','2021-07-19 13:41:53',3.0,'finish','1'),
(138,555,'meiri','游客不能修改密码','2021-07-20 08:40:57',1.0,'finish','0'),
(139,555,'meiri','今晚下班回来记得把身份证拿出来放好。','2021-07-20 08:37:38',1.0,'finish','0'),
(140,555,'meiri','把手机备忘录，微云笔记，腾讯文档备忘录同步到备忘录','2021-07-22 23:32:32',1.0,'finish','0'),
(141,9999,'meiri','别','2021-07-20 09:40:43',1.0,'wait','0'),
(142,555,'meiri','跟进银秀姨问题。','2021-07-21 09:31:58',1.0,'finish','0'),
(143,555,'meiri','找个基金提取奖励金','2021-07-22 08:54:36',1.0,'finish','0'),
(144,555,'daiban','我的，功能，首页优化代码，CM分离。检查公共函数文件，控制器文件，模型文件','2021-07-26 23:30:03',2.0,'wait','0'),
(145,555,'meiri','还有10000','2021-07-25 09:38:18',1.0,'finish','0'),
(146,555,'meiri','添加奖励金领取中，确认进账功能','2021-07-23 08:13:46',1.0,'finish','0'),
(147,555,'meiri','看一遍招聘信息','2021-07-27 23:30:04',1.0,'wait','0'),
(148,555,'meiri','打电话问妈洗床铺了吗','2021-07-24 08:42:13',1.0,'finish','0'),
(149,555,'meiri','优化一百页','2021-07-27 09:11:21',3.0,'wait','1'),
(150,555,'meiri','买车票','2021-07-27 09:10:56',1.0,'wait','0');

/*Table structure for table `tms_user` */

DROP TABLE IF EXISTS `tms_user`;

CREATE TABLE `tms_user` (
  `user_id` int(11) unsigned NOT NULL AUTO_INCREMENT COMMENT '用户id',
  `username` varchar(256) NOT NULL COMMENT '账号',
  `nickname` varchar(256) DEFAULT NULL COMMENT '昵称',
  `password` varchar(256) NOT NULL COMMENT '密码',
  `create_date` datetime NOT NULL COMMENT '创建时间',
  `last_login_time` datetime DEFAULT NULL COMMENT '上一次登录时间',
  `last_login_ip` varchar(256) DEFAULT NULL COMMENT '上一次登录ip',
  PRIMARY KEY (`user_id`)
) ENGINE=InnoDB AUTO_INCREMENT=10000 DEFAULT CHARSET=utf8;

/*Data for the table `tms_user` */

insert  into `tms_user`(`user_id`,`username`,`nickname`,`password`,`create_date`,`last_login_time`,`last_login_ip`) values 
(1,'xike','稀客','sdedadadad','2021-04-15 19:20:01',NULL,NULL),
(555,'czx','朝夕','6fa8f04d277417c645f01e62983c98fc','2021-07-22 23:01:03',NULL,NULL),
(9999,'youke','游客','123456','2021-04-22 09:23:13',NULL,NULL);

/*!40101 SET SQL_MODE=@OLD_SQL_MODE */;
/*!40014 SET FOREIGN_KEY_CHECKS=@OLD_FOREIGN_KEY_CHECKS */;
/*!40014 SET UNIQUE_CHECKS=@OLD_UNIQUE_CHECKS */;
/*!40111 SET SQL_NOTES=@OLD_SQL_NOTES */;
